participant_id,cov_1,cov_2
1,0.300,20
2,0.600,22
3,0.600,11
4,0.300,29
5,0.300,35
6,0.900,21
7,0.400,18
8,0.600,17
9,0.800,26
10,0.500,29
11,0.100,35
12,0.500,33
13,0.300,10
14,0.300,13
15,0.400,20
16,0.900,12
17,0.800,12
18,0.900,23
19,0.100,13
20,0.300,30
21,0.900,22
22,0.400,20
23,0.500,24
24,0.500,28
25,0.600,32
26,0.600,27
27,0.100,18
28,0.700,19
29,0.600,12
30,0.200,33
31,0.500,30
32,0.500,32
33,0.600,16
34,0.100,22
35,0.900,29
36,0.600,22
37,0.200,19
38,0.600,26
39,0.100,32
